{"cameraMode":{"drawMode":0,"name":"Shaded","section":"Shading Mode"},"sceneLighting":false,"audioPlay":false,"sceneViewState":{"m_AlwaysRefresh":false,"showFog":true,"showSkybox":false,"showFlares":true,"showImageEffects":true,"showParticleSystems":true,"showVisualEffectGraphs":true,"m_FxEnabled":true},"in2DMode":false,"pivot":{"x":1.1920928955078126e-7,"y":0.19999736547470094,"z":17.21500015258789},"rotation":{"x":-0.00979601126164198,"y":0.9617059826850891,"z":-0.2717702388763428,"w":-0.03463399037718773},"size":2.1970508098602297,"orthographic":false}